Unnamed: 0,uri,text,lang_langdetect,lang_langdetect_prob
0,at://did:plc:ygndotltrue4thp6api32vud/app.bsky.feed.post/3l3jybgv3db2d,13æ™‚ã§ã™ã…ã€‚ã•ã¦ã€åˆå¾Œã¯ä½•ã‚’ã—ã¾ã—ã‚‡ã†ã‹ï¼Ÿ,ja,[ja:0.9999999995755445]
2,at://did:plc:2auqpgup3bzlaweknjc53czx/app.bsky.feed.post/3l3jybh3nnv2n,peguei asco desse nome sÃ©rio ki nojo,pt,[pt:0.9999949303658179]
3,at://did:plc:h76eswtj4gudgacj6poyvt5e/app.bsky.feed.post/3l3jybh6t4x2a,Aff odeio,cy,[cy:0.9999987494621901]
4,at://did:plc:os2ugb7hsd6pmlx6kzy2atas/app.bsky.feed.post/3l3jybhavd22n,Evento muito importante para a marca Corinthians e pelo visto foi um grande jogo,pt,[pt:0.9999963688257102]
5,at://did:plc:d3lsxxvbxb3g64ckum4lokt3/app.bsky.feed.post/3l3jybhcmx52c,Me tapo de nojo,pt,"[pt:0.7142809251701275, hr:0.285714531827552]"
6,at://did:plc:bwavzsnoksewizy7lrmgqfbo/app.bsky.feed.post/3l3jybhi4pq2b,The most correct answer,en,[en:0.9999969095548801]
7,at://did:plc:ye4qz72y2opng7uz2pjtmsxr/app.bsky.feed.post/3l3jybhqj2y2w,"ã…¤ã…¤ã…¤ã…¤ã…¤â˜ï¸â˜ï¸ã…¤ã…¤ã…¤
ã…¤ã…¤ã…¤ã…¤ã…¤â˜ï¸â˜ï¸ã…¤ã…¤ã…¤
ã…¤
ã…¤
ã…¤
 ã…¤ ã…¤ğŸ¦ã…¤ã…¤ğŸ«ã…¤ã…¤ğŸ ã…¤ã…¤ğŸªã…¤",ERROR,ERROR
8,at://did:plc:6cnpmccmo6uagt7aob2xmlsi/app.bsky.feed.post/3l3jybi2eap2i,VIVA A SKOL BEATS,hu,[hu:0.9999963034398796]
9,at://did:plc:ehcinfqzi4zt63tzjwcf2bgl/app.bsky.feed.post/3l3jybimgij2i,Not in my heart babeğŸ˜”â¤ï¸â€ğŸ©¹,en,[en:0.9999959580360995]
10,at://did:plc:d2ykgpobmgo77xyjgjwhabwo/app.bsky.feed.post/3l3jybihy3k2e,"Hunchback: There! Gotcha! The man to do the job! Help me, kind sir, save my poor soul! You're walking all 'round the town, dontcha, your line of work demanding it and all that? Right? Please find my daughter! My little darling thing hasn't come home today...",en,[en:0.9999954662981533]
11,at://did:plc:22zyfg2jcaszzprq6rgz356s/app.bsky.feed.post/3l3jybinx4p2s,"Nossa censuram as mÃºsicas e quando ela mexia a bunda colocavam as imagens dos fogos na tela kkkkk eu ri. Mas estava meio travada sim. Sem falar dos momentos que os danÃ§arinos estavam todos zuados. Amo a kinga mas difÃ­cil defender hoje, aÃ­ elas prÃ³ximo do final que ficou bom",pt,[pt:0.9999939900267912]
12,at://did:plc:i5v7sc7zgjdexgyup2bsqmgk/app.bsky.feed.post/3l3jybiugvi2x,NÃ£o terminei Recursos em EspÃ©cie. Faltam umas 25 pÃ¡ginas. Vai ficar para amanhÃ£.,pt,[pt:0.9999962348184871]
13,at://did:plc:va3l4qiocx2boobuwnjgv4rs/app.bsky.feed.post/3l3jybj23j72p,"I love music of all types. However, plunderphonics, depending on the artist, gives me a weird sense of euphoria that makes me listen to the same song for hours so that the beat is just burned into my brain.",en,[en:0.9999967489152846]
14,at://did:plc:j5ixibpzx2vr5ud37ryjq27o/app.bsky.feed.post/3l3jybhzgfd2e,"1952 

Em pÃ©: llmo, Paulinho, Ewerton, Odorico, Florindo e Salvador. 
Agachados: Canhotinho, Solis, Huguinho, Mujica e Nicki.

Foto colorizada por Gustavo Quirim.",pt,[pt:0.9999971598473273]
15,at://did:plc:42rzsiyjpnuowkopfca47chi/app.bsky.feed.post/3l3jybgtnuw2i,acessÃ³rios,pt,[pt:0.99999485023165]
16,at://did:plc:iwu2pc65vpnkigjkt4zrmmmr/app.bsky.feed.post/3l3jybjgyki2j,now if we're talking body you got a perfect one,en,"[en:0.7142839421448828, cy:0.2857160114215869]"
17,at://did:plc:rnw532xjt6bu6g2zn36isk4u/app.bsky.feed.post/3l3jybis5k62x,,ERROR,ERROR
18,at://did:plc:higgxh56zl23l2l6l2ljdwxh/app.bsky.feed.post/3l3jybjmxjs2v,"@dcverso1.bsky.social aÃ­ ADM uma Pergunta SerÃ¡ Que falta Muito Pra GravaÃ§Ãµes de Peacemaker Acabarem?

Tipo Para um SÃ©rie AtÃ© entÃ£o de 8 EpisÃ³dios nÃ£o era pra JÃ¡ Ter Acabado a algum Tempo?",pt,[pt:0.9999993360136273]
19,at://did:plc:xbmmnlxqsoeeyiepdp2rmbnl/app.bsky.feed.post/3l3jybjr6qy2w,"CabeÃ§a Rosa

â¤ï¸ = Foto
ğŸ” = Video gozando

#PINTOAWARD
#PINTOAWARDS
#PINTOSAWARDS 
#PINTOSAWARD",pt,[pt:0.9999951482482676]
20,at://did:plc:vnf233af75yh62jyzz4felim/app.bsky.feed.post/3l3jybjqhvb2i,se o sb teve snoop pq que ludmilla nao poderia cantar verdinha em territÃ³rio nacional,pt,[pt:0.9999956208235059]
21,at://did:plc:hm4u567uq3ry2ssp5o5qocd2/app.bsky.feed.post/3l3jybjplp32g,todo dia eu abro o twitter involuntariamente ğŸ˜­,it,[it:0.9999952019439438]
22,at://did:plc:o5rn4gspim5yqrrkx6agjpre/app.bsky.feed.post/3l3jybiqpil2u,"Eu escrevi errado, era para ser barata branca JDNDKRKRKRKKK",es,"[es:0.5719478533239606, pt:0.42805207579410687]"
23,at://did:plc:uivtmpif47gr5t36cnluveae/app.bsky.feed.post/3l3jybjyce22v,"Scott ""Hot Shot"" Voight",en,[en:0.9999972733350035]
24,at://did:plc:bxqvo7uv22zo47ikoweyiazd/app.bsky.feed.post/3l3jybkhknn2y,Se ele insistir mais um pouquinho eu esqueÃ§o e vou,pt,[pt:0.9999977736906356]
25,at://did:plc:ayvwywv74nznrdd5nxera5wa/app.bsky.feed.post/3l3jybiybhx2h,"Super Typhoon Yagi killed at least two people and injured 92 others after slamming into southern China's Hainan island, state media reported Saturday. 

In full: https://buff.ly/4d2eoAi",en,[en:0.9999968084563212]
26,at://did:plc:lygqpmswcyykwd4skigsnqj4/app.bsky.feed.post/3l3jybkijk22k,O QUE,pt,[pt:0.9999984484916911]
27,at://did:plc:gfcgklgbk4labfi6cu7wul4t/app.bsky.feed.post/3l3jybkighh26,"ISSO Ã‰ SAUDADE, CAPETA??",pt,[pt:0.9999971524172413]
28,at://did:plc:tudurtdf4xtnw2c3dtf4hlxt/app.bsky.feed.post/3l3jybkixcd2z,"""Je sens venir ma derniÃ¨re danse"" aus Julien Clerc - Le chemin des riviÃ¨res.",fr,[fr:0.9999977122820618]
29,at://did:plc:vluscwatcj43xhxo2iicyd3u/app.bsky.feed.post/3l3jybklad62z,ä»Šã®å›£ã€ç„¡è¨€å›£ã§ãƒãƒ«ãƒãªã„ã‘ã©ã‚¤ãƒ³ã—ã¦ãªã„äººã¯åˆ‡ã£ã¦æ–°ã—ã„äººå…¥ã‚Œã¦ãã‚Œã¦Aå›£ã‚­ãƒ¼ãƒ—ã—ã¦ãã‚Œã¦ã¦åŠ©ã‹ã‚‹,ja,[ja:0.9999999969280835]
30,at://did:plc:sxzbbo4dprbhg3zpncpm5mq4/app.bsky.feed.post/3l3jybjayze2a,"Once again, I regret my decision but money well spent.",en,[en:0.9999959970729252]
31,at://did:plc:c2m5yzv2xee2unn5uveps7hz/app.bsky.feed.post/3l3jybkoiro25,"6. #NFLnaESPN - 99 posts
7. X - 0 posts
8. brasil - 1.2K posts
9. #ViverAVidaNoVIVA - 91 posts
10. dorival - 1K posts
",ca,"[ca:0.8571370855614009, pt:0.14285845083186402]"
32,at://did:plc:wmblskxdqb7krzbaeh5eubci/app.bsky.feed.post/3l3jybkpuym2f,Pior Ã© que sempre msm posts,pt,[pt:0.9999966050434603]
34,at://did:plc:y32nbrdzg6mm4y3pmapcbnpx/app.bsky.feed.post/3l3jybkvril2x,algumas jÃ¡ tÃ£o fazendo amiga ğŸ˜­ pesquisa â€œthread sheinâ€ que vai aparecer,pt,"[pt:0.8571407532500306, en:0.14285730002912292]"
35,at://did:plc:avra7zmxzxbq54evozgqx2un/app.bsky.feed.post/3l3jybl3ve72a,com esse tÃ©cnico bunda mole e elenco cansado nÃ£o vai pro banco NUNCA,pt,[pt:0.9999954265603449]
36,at://did:plc:gveyvkzgjjs4uivcxj7l7fek/app.bsky.feed.post/3l3jybl2ov227,"â€œQuantas camisas do palmeiras vocÃª tem mesmo ???â€ 

Ela sendo corinthiana***",pt,[pt:0.9999945583667315]
37,at://did:plc:nwr6esxwv7h3gtjom6646uyc/app.bsky.feed.post/3l3jybldwlq2q,ok ormoans ganhou ! obrigada a todos,pt,[pt:0.9999960626965199]
38,at://did:plc:ziosxngfhgtdh7dcjmv6lbv7/app.bsky.feed.post/3l3jyblcjmh23,é‡Œåšã§ã€ãƒªã‚±ã•ã‚“ãŒè‡ªä½œã®æ¿€ç”˜ãƒ‰ãƒ¼ãƒŠãƒ„é£Ÿã¹ã¦ã‚‹ã®ã‚’çœºã‚ã¦ãŸåšã•ã‚“ãŒã€Œãã‚“ãªã«ç”˜ã„ã‚‚ã®ã‚’é£Ÿã¹ã¦ã„ã‚‹å›ã®ç¾½ã¯ç ‚ç³–ã®å‘³ãŒã—ãã†ã ã­ã€ã¦å†—è«‡ã§è¨€ã£ã¦ã¿ãŸã¨ã“ã‚ã€ã€Œè©¦ã—ã¦ã¿ã‚‹ã‹ï¼Ÿã€ã¦å£å…ƒã«ç¾½ã‚’å·®ã—å‡ºã•ã‚ŒãŸè©±ã€‚ã‚‚ã¡ã‚ã‚“è§¦ã‚Œã‚‰ã‚Œã‚‹ã‚ã‘ã§ã¯ãªã„ã®ã¯ã‚ã‹ã£ã¦ã„ã‚‹ã‚“ã ã‘ã©ã€ã˜ã£ã¨åšã•ã‚“ã®å£å…ƒã‚’è¦‹ã‚‹ãƒªã‚±ã•ã‚“ã®ç›®ã¯ç¬‘ã£ã¦ãªã‹ã£ãŸ,ja,[ja:0.9999999998753604]
40,at://did:plc:5vn2enwof45aqhbyxddwolkx/app.bsky.feed.post/3l3jybktrtc2z,oh taythighs tayboobs tayfacecard taylegs taybelly the icon that you are,en,[en:0.9999976419304332]
41,at://did:plc:fpf6ottngvxncy2jntdpvewp/app.bsky.feed.post/3l3jyblzcww2a,SÃ³ mÃºsica chata Vey...pqp,es,[es:0.9999940642276348]
42,at://did:plc:yv7gbxbhari7mjzwv7slycac/app.bsky.feed.post/3l3jybl3yfs2l,"E nÃ£o deu outra, na casa do Time do Povo, Venceu os de Preto e Branco! 

Philadelphia Eagles ganha no primeiro jogo da histÃ³ria da NFL no Brasil. 

#NFL #NFLNOBRASIL #PHI",pt,[pt:0.9999956381911574]
43,at://did:plc:7z2xpckrmjc6jj4gewjp47ar/app.bsky.feed.post/3l3jybmaq772o,quando gosto mt de uma pessoa imediatamente fico extremamente irritada raivosa eh meu corpo tentando equilibrar as coisas p q eu nao morra de amor ai sinto mt vontade de esfolar a cara dela,pt,[pt:0.9999944124577094]
45,at://did:plc:opxlkfb2dc6ikkckazqz4g5x/app.bsky.feed.post/3l3jybmh6vl27,eu quero tanto o tt de volta ğŸ«  aqui Ã© tao vazio,pt,"[pt:0.8571411811736962, it:0.14285758711824545]"
46,at://did:plc:soqox2vmieqav5mqqkmsywt2/app.bsky.feed.post/3l3jybmhqtl2p,â“˜ this user is obsessed with miranda cosgrove,en,[en:0.9999976768646264]
48,at://did:plc:zgruvkypbk5auiojopum4rb5/app.bsky.feed.post/3l3jybmtzut2d,Vou te dar uma BÃ­blia de presente,pt,[pt:0.9999940114905768]
49,at://did:plc:zkext6nllgup4vycy6dhdd3n/app.bsky.feed.post/3l3jybmx4jf2u,Escutar crÃ­stica construtiva de qm nunca construiu porra nenhuma me que bra ğŸ« ,pt,[pt:0.9999950319521083]
50,at://did:plc:i4kcmzuor44zynz53ktljefy/app.bsky.feed.post/3l3jybnd6jr2y,vai descansar bia gelinho,ca,"[ca:0.8571395444042016, nl:0.1428563660822491]"
51,at://did:plc:lugbamcmp4r3k5674e2daz3y/app.bsky.feed.post/3l3jybnmwyb2s,vai te fuder mlk kkkkkkkkkkk,no,"[no:0.7142826466237914, fi:0.28571335336382825]"
52,at://did:plc:cvyejofmzhm2zg4i4jjy5clv/app.bsky.feed.post/3l3jybocmwp2h,TELL ME ABOUT YER IRON FACTORY LIOKAISER BOOOOOOOOOTS!!!!!!!!,en,[en:0.9999952676685376]
53,at://did:plc:bnuccieemaazebwkyll6snji/app.bsky.feed.post/3l3jybogugb23,REVISTA OESTE KKKKKKKKKKKKKKKKKKKKKKKKKKKKKKKKKKKKKKKKKKKKKKKKKKKKKKKKKKKKKK,de,[de:0.9999944536262075]
54,at://did:plc:t6vcumdufw6mwrh7bgloitw5/app.bsky.feed.post/3l3jyboke3o2l,nossa Ã© tÃ£o difÃ­cil assim?,pt,[pt:0.9999989629988554]
56,at://did:plc:swtsha2ds5b2cmtmbta7j4uk/app.bsky.feed.post/3l3jybozhfb2m,46 de braÃ§o e 70 de CT jÃ¡ estÃ¡ a Ã³timo minha vids,pt,[pt:0.9999977946665382]
58,at://did:plc:vs2cmalqnqdle6mctwp4celu/app.bsky.feed.post/3l3jybpclp52n,"50,00 R$, agora, via Pix, por um vÃ­deo seu se masturbando, topa amor? JÃ¡ faÃ§o o Pix pra vocÃª",pt,[pt:0.9999953900184635]
60,at://did:plc:whuqqpfqmxss7qadk73ui3on/app.bsky.feed.post/3l3jyboit6c2r,"Florence Pugh

https://www.girlselfie.com/573650/florence-pugh-52/

Florence Pugh
The post Florence Pugh appeared first on Girl Selfie.",en,[en:0.9999950468628654]
61,at://did:plc:5iqzi4twl3ufpy324hahlkpn/app.bsky.feed.post/3l3jybpksj42b,MisericÃ³rdia,es,[es:0.9822871071809027]
62,at://did:plc:zsykzjfbhwyytzh46tljpcqr/app.bsky.feed.post/3l3jybpotnk2y,SaÃ­ com To dos nessa reuniÃ£o de migos: ir ver Santos e Operarios dia 28 na vila ğŸ‘,pt,[pt:0.9999965488644023]
63,at://did:plc:4pco6lswimrmrvhpe6zdkgxv/app.bsky.feed.post/3l3jybogwl32d,me sinto exatamente assim quando me mandam mensagem chamando ir pra algum lugar mesmo eu nem falando com essas pessoas todo dia,pt,[pt:0.9999966138741844]
64,at://did:plc:cehuqnxfn6pvgikha2ndbacb/app.bsky.feed.post/3l3jybpuwti2c,ã ã£ã¦ãŠå‰ã€æ€ã£ã¦ã¦ã‚‚è¨€ã£ã¡ã‚ƒãƒ€ãƒ¡ã ã‚æ™®é€šâ€¦â€¦ï¼ï¼ï¼ï¼,ja,[ja:0.9999999994838336]
65,at://did:plc:kjo7i2zcn5qguao2xtrfzgtx/app.bsky.feed.post/3l3jybpvrqz24,tah cert tem q aumentar a mente kpop dps ğŸ§ ğŸ˜¶â€ğŸŒ«ï¸,pt,"[pt:0.8571395584569291, ca:0.14285852774174124]"
66,at://did:plc:qet2i3ic4nf73h446nwc3p7q/app.bsky.feed.post/3l3jybpwyk72z,We failed,cy,"[cy:0.85713911223875, en:0.14285978244943065]"
67,at://did:plc:yhlyhqns7qscjlrg5uqdsdig/app.bsky.feed.post/3l3jybpzh7j2y,Boa Noite Xuxu,fr,"[fr:0.8571408149854365, ro:0.1428580840344842]"
68,at://did:plc:3gwh5rndkr6w3rhh56hkrzla/app.bsky.feed.post/3l3jybqgspz2s,Cantando abertura de dragon ball no karaokÃª,pt,"[pt:0.5714258227165654, id:0.4285695190133205]"
69,at://did:plc:gxh7avmrgr3756i4j2chesrr/app.bsky.feed.post/3l3jybqfwdm27,DlÃ§,tr,[tr:0.9999993685121681]
70,at://did:plc:56spk3lltsbacexdthnwq3qk/app.bsky.feed.post/3l3jybqiexn2x,ta louca ta doida ta doida ta louca ta louca ta doida ta doida ta louca,pt,[pt:0.999994459450951]
71,at://did:plc:wav6vi3etxupqilagtwgx53u/app.bsky.feed.post/3l3jybqkuat2c,sÃ¡bado o Ãºnico dia que eu tenho pra acordar tarde,pt,[pt:0.9999961850006285]
72,at://did:plc:wfcss2th6i56ibhnbei6ubl2/app.bsky.feed.post/3l3jybqqdcd2j,"The kids next door are having a party
And there is a live band
... I think they may BE the live band
They are pretty good
And it ends up my middle room has perfect acoustics for where they are playing
It sounds as if they are in the house
... maybe 100+ people in and out
It's someone's birthday",en,[en:0.9999986944883104]
73,at://did:plc:7jvtxbt46tjpvyvlmthdrbav/app.bsky.feed.post/3l3jybqrutu2p,"Eu conheÃ§o muito bem a fama ruim dessa marca, e acho que ele deve conhecer tambÃ©m, mas amanhÃ£ eu vou avisar ele sÃ³ pra prevenirğŸ’…",pt,[pt:0.9999964247229355]
74,at://did:plc:pmvnkggdrcvmmnxs7fmawmmd/app.bsky.feed.post/3l3jybq3ybr2s,ã€Œæ¯ã•ã‚“ãŒè¨€ã†ã“ã†ã„ã†ãƒ‘ãƒ¼ãƒã¯å¤‰ã ã¨æ­»ã®ã†ï¼ï¼ã€ã‚‚ãã†ã„ã†æŒ‡å®šã˜ã‚ƒãªã„ã®ã¯ãŠã‹ã—ã„çš„ãªã‚³ãƒ¡ãƒ³ãƒˆãŒã‚ã£ãŸã€‚,ja,[ja:0.9999999999988274]
75,at://did:plc:ymd734kz4f6zvg35sa7e5xa5/app.bsky.feed.post/3l3jybq26oe2u,"24- Don't be gone too long - Chris Brown feat. Ariana Grande
youtu.be/JfhgqVHGM7c?...",en,[en:0.9999968485774007]
76,at://did:plc:4nml24nma5l7lv6sbrautsxl/app.bsky.feed.post/3l3jybqrdnb2s,"Selvitimme, paljonko opintopisteet maksavat avoimissa korkeakouluissa nyt â€“ katso hinnat #nyyssifi",fi,[fi:0.9999978077301739]
77,at://did:plc:xkn7cc6syz3pz56mzfn4zpp7/app.bsky.feed.post/3l3jybrnlf22t,ğŸ˜€ğŸ”«,ERROR,ERROR
78,at://did:plc:l5cergstuxaucqckoqbcncdk/app.bsky.feed.post/3l3jybrsymg2l,LORDE Ã‰ A MINHA PICA VÃƒO SE FUDER,pt,[pt:0.9999945407080928]
79,at://did:plc:cavo7iiltkn5x2me4it53dzz/app.bsky.feed.post/3l3jybsdmbi26,maria respondendo as coisas por mim,pt,[pt:0.9999941790434566]
80,at://did:plc:r2evd5idkmepeaou2j7nyruc/app.bsky.feed.post/3l3jybsf3pv2c,queria ser a genia que eu tenho potencial pra ser,ca,"[ca:0.8571397290345905, pt:0.14285965720237306]"
81,at://did:plc:afihy4ckj6eqkfyewhpgsrn5/app.bsky.feed.post/3l3jybsqcp222,"neo quimica arena, que prazer chamar de casa",es,[es:0.9999934374826429]
82,at://did:plc:dxovv26yn2rotkzyck2zhgdk/app.bsky.feed.post/3l3jybsqnul2s,"ai galera, comeÃ§o de temporada de clubes ja ta desastrosa pro meu time ğŸ˜ sÃ£o josÃ© vira gente porraa. Espero que o praia nÃ£o me decepcione igual ğŸ˜ğŸ˜ğŸ˜ğŸ˜ğŸ˜ğŸ˜ğŸ˜",pt,[pt:0.9999955869031492]
83,at://did:plc:srm2miv3cpktezy35knzfwvm/app.bsky.feed.post/3l3jybsy7bx2y,"Pode atÃ© tentar mas nem macumba vai dar jeito em nos, nÃ£o tem mais nÃ³s dois.",pt,[pt:0.9999991567861168]
85,at://did:plc:ooujcrtstlclvgy474zois2e/app.bsky.feed.post/3l3jybtaksu2o,Estou quase me definindo como fumante somente aos fim de semana,pt,[pt:0.9999973973378434]
86,at://did:plc:jmpz2x5c2ppxlfs4jjmroc4h/app.bsky.feed.post/3l3jybteomz2c,eu tÃ´ definitivamente acabada,ca,"[pt:0.5714282077024888, ca:0.42857166351580234]"
87,at://did:plc:of4ul3sebjbbw2raj7niqwx5/app.bsky.feed.post/3l3jybsqcig2o,"Eu nÃ£o to chorando Ã© vocÃª que tÃ¡ ğŸ˜­ğŸ˜­ğŸ˜­ğŸ˜­ğŸ˜­ğŸ˜­ 
open.spotify.com/track/13P8de...",pt,"[pt:0.85713935617585, es:0.14285994356449924]"
88,at://did:plc:osorw7qnlseeootjiolbt7r2/app.bsky.feed.post/3l3jybrwggm2b,,ERROR,ERROR
89,at://did:plc:w74ial5oslrjb6yah5z2ncap/app.bsky.feed.post/3l3jybtpg7a2b,ele tÃ¡ te segurando Ã©? kkkkkkk,hu,"[hu:0.571427980979529, pt:0.42857070716093126]"
90,at://did:plc:xf4b6rqrew2efmgsnxnmmjxr/app.bsky.feed.post/3l3jybtzefu2z,"obrigado, queen!",es,[es:0.9999973226292272]
91,at://did:plc:m2fsy35ilupblmovd2ciiu5x/app.bsky.feed.post/3l3jybtrswy2v,"Someone was comfy this morning. Heâ€™s so cute. Happy FriYay yâ€™all! Gâ€™ nite and xoxo. Love, Chilli and Pops ğŸ‘‘ğŸŒ¶ï¸ğŸ’—ğŸ¶ğŸ˜´ğŸ¥°

*late post*",en,[en:0.9999975040283628]
93,at://did:plc:uhzyqpbmevhrettcgqdcqudr/app.bsky.feed.post/3l3jybuf2m422,Slk fase depressiva voltando com os crlh ğŸ’¥ğŸ’¥ğŸ’¥,pt,[pt:0.999998696730341]
94,at://did:plc:gg4whqvdreojxw7qbrjqshqd/app.bsky.feed.post/3l3jybuf7jx2h,"fico c mto receio de ficar de conversinha fiada c esse querido, a Ãºltima vez eu saÃ­ ferrada",pt,[pt:0.9999961266492955]
95,at://did:plc:llcjjte7wsvz5fh7ncheuxp5/app.bsky.feed.post/3l3jybvizrl2c,um parto pra conseguir uber de madrugada,pt,[pt:0.9999972573964204]
96,at://did:plc:keh5jlps5kaalp2mxr32chi3/app.bsky.feed.post/3l3jybvt2eg2x,Pois saibam q compartilho da mesma opiniÃ£o,pt,[pt:0.999998124920597]
97,at://did:plc:m7ficlxf7kyjp5i36jwvfuzi/app.bsky.feed.post/3l3jybvf5nm2y,open.spotify.com/track/1OJExK...,en,[en:0.9999952614814764]
98,at://did:plc:i7eg3mt3vdum6oaarseegofk/app.bsky.feed.post/3l3jybvvoaz2v,Eu tenho q parar de me envolver com mulher que mora longe de mim,pt,[pt:0.9999971081970916]
99,at://did:plc:5urhmdkfxyynovlji3wmromo/app.bsky.feed.post/3l3jybvxquf2q,"é£²ã¿ä¼šã¯ã­ãƒ¼ã€‚
ã‚³ãƒ¼ãƒ‡ã‚£ãƒãƒ¼ã‚¿ãƒ¼ã ã‹ã‚‰ã­â€¦",ja,[ja:0.9999999999971363]
100,at://did:plc:lpoamgbuc2iigpfv5ygsxzgz/app.bsky.feed.post/3l3jybvxpaa2n,We're on Bluesky you can tell me what it was,en,[en:0.9999950915684246]
101,at://did:plc:paitnx4kpryeoaqzlwhdngxq/app.bsky.feed.post/3l3jybwijtk2q,EU!!!!,ca,[ca:0.999992816400169]
102,at://did:plc:6exm6jkkplmnomvdcdgdvp65/app.bsky.feed.post/3l3jybwk6fo2z,,ERROR,ERROR
103,at://did:plc:g3wkocq2uwpteokwd3sn34z4/app.bsky.feed.post/3l3jybwkyng26,"Na HBO/MAX ""Cidade de Deus: A luta nÃ£o para"".",pt,[pt:0.9999975769072146]
104,at://did:plc:vconvwfbgoi5txnip4vut7o2/app.bsky.feed.post/3l3jybv34o22r,,ERROR,ERROR
105,at://did:plc:y26phy5w6i7dpiaqqnvu2mz6/app.bsky.feed.post/3l3jybwpbt42k,acho q garota infernal foi um dos pilares pra eu perceber que gostava de mulher,pt,[pt:0.9999952262890612]
106,at://did:plc:mvadgs5nhvz2fdefiwmkl65b/app.bsky.feed.post/3l3jybwvpfk2v,"That limit is probably for the sale price. But, we are foxes! We get what we need!",en,[en:0.9999993142295822]
107,at://did:plc:bktitkd2jozgb4g5f3ez7ktn/app.bsky.feed.post/3l3jybwvvzx2z,"nos prÃ³ximos 4 dias eu vou trabalhar igual um condenado graÃ§as a Deus, ganhar um din pra pra ficar de boas!!",pt,[pt:0.999996989942183]
108,at://did:plc:5efvarqgtyfampxs7bokbsya/app.bsky.feed.post/3l3jybwxbiq2j,cÃªs nÃ£o tem noÃ§Ã£o do quanto eu odeio concordar com o Papini,pt,[pt:0.999998440695183]
109,at://did:plc:eeti2ltameevwqbe6kr2a2vq/app.bsky.feed.post/3l3jybwz6oh26,ouvindo cidadÃ£o instigado pq tÃ´ com sdds de casa,pt,[pt:0.9999968583029293]
110,at://did:plc:z6o2hbw7bkm47m5xu6ehupvb/app.bsky.feed.post/3l3jybx3o5x2c,Quero rasgar minha garganta na sua frente,pt,[pt:0.9999959784179195]
111,at://did:plc:6so3dbm6quh2iqvu3ahjabik/app.bsky.feed.post/3l3jybxe45y25,Boa noite pra voces,pt,"[pt:0.7140534089854249, ro:0.14308437123535822, sk:0.1428563911023328]"
112,at://did:plc:mus57nxmkhvlrvxnx2ohbthb/app.bsky.feed.post/3l3jybxm53h2y,ã¾ãŸä¸‰ãƒ¶æœˆå¾Œãã‚‰ã„ã«è¾›ã„è‡ªæ…¢ã™ã‚‹ã‚ã€è‹¦ã—ã¿ãŒãã‚‹å‰ã«å°‘ã—å¾®ç¡ã‚€,ja,[ja:0.9999999983148229]
113,at://did:plc:qortpgubmvmnyy6bzpzk62nw/app.bsky.feed.post/3l3jybxnot22d,descobri que sou um construtor de labirintos mentais,pt,[pt:0.999997189665859]
114,at://did:plc:ytzvszfhq7oybprcrtetnnow/app.bsky.feed.post/3l3jybxnol52n,"fora os post repetido. mostra 20x a mesma coisa, da mesma pessoa, coisa que ela falou ontem, nada atual ??? sÃ©rio isso tÃ¡ me irritando, parece que nÃ£o tem NINGUÃ‰M usando isso alÃ©m de mim e uns conhecidos",pt,[pt:0.9999973847586761]
116,at://did:plc:c5n47hnqsq7hagtuwomhzqxb/app.bsky.feed.post/3l3jyby3jqm27,"Eu sÃ³ vi um trecho e tava tÃ£o ruim, xoxo e capenga. Fiquei decepcionada com oq eu vi, pq ela quando quer faz direito, vou atÃ© ver completo pra ver se foi sÃ³ a parte w vi",pt,[pt:0.9999967780861665]
117,at://did:plc:ov5yhlt2jgguuhbqcfiqfdmv/app.bsky.feed.post/3l3jybyfwsm2o,"a pessoa percebe que fudeu quando pega a mania do outro, socorroğŸ˜©ğŸ˜­",pt,[pt:0.999994535486497]
118,at://did:plc:iwkrydrdkiyhf7rjk3gdhy3g/app.bsky.feed.post/3l3jybyimkn23,"I don't even know who I'm voting for up here, they're all disappointments at best ğŸ™„",en,[en:0.9999969678542681]
120,at://did:plc:k5d5nqjjdinmcosniwzx3x3x/app.bsky.feed.post/3l3jybymibq2v,Eu toda hora sÃ³ pra variar,ca,"[ca:0.8571399789190313, sk:0.14285806315542524]"
121,at://did:plc:qqmdvd6ckrrjkgr2u5qycbg3/app.bsky.feed.post/3l3jybyrwei2k,simmm (queria o primeiro lugar ğŸ˜£,pt,[pt:0.9999949616820172]
122,at://did:plc:2doewr2t4g4zos37nzyvnyfd/app.bsky.feed.post/3l3jybyr56n2b,Vai jogar com o Brusque ano q vem kkkk,pt,[pt:0.9999970548102175]
123,at://did:plc:5imtuyvd7xjpmne4fmmurak2/app.bsky.feed.post/3l3jybyr5yx2n,Nossa eu acabei de apagar,pt,[pt:0.9959522242667574]
124,at://did:plc:tx6xa7jtalys3juoqy65z5je/app.bsky.feed.post/3l3jybyxoot2p,"Fds que vem tem que fluir esse rolÃª, que semana corrida, pqp",pt,[pt:0.999996580687899]
125,at://did:plc:zkwrjflhhw6ixc4udobnoyjd/app.bsky.feed.post/3l3jybz34fi22,"Tanya se inscreveu pra ser mesÃ¡ria e, surpreendentemente, nÃ£o tem vaga. Eu nunca achei q fosse ver algo assim acontecendo.",pt,[pt:0.9999964959672192]
126,at://did:plc:iha3oj67dmoqh5nebkjkhu4w/app.bsky.feed.post/3l3jybz67ro2n,foi um inferno pqp,pt,[pt:0.9999978781437828]
127,at://did:plc:4iqnhz2upsgqs5ndwz2r2ee5/app.bsky.feed.post/3l3jybz6cup27,"nossa eu jÃ¡ ia denunciar seu post por misoginia KKKKKK li errado

jÃ¡ tÃ´ no automÃ¡tico jÃ¡",pt,[pt:0.9999943915645577]
128,at://did:plc:avp4wo5a2kobd6gps5o7qrjy/app.bsky.feed.post/3l3jybz774723,o sono foi pra casa do kct,pt,[pt:0.999996640381059]
129,at://did:plc:5uxcavppvucmit7v6h4k4wt6/app.bsky.feed.post/3l3jybzi5662f,Vamo sambar lindona,tl,[tl:0.9999958762276024]
130,at://did:plc:cvpdpka77q5glha2zmfllxeg/app.bsky.feed.post/3l3jybzjd3g26,amo que sempre que to falando algo importante sou ignorada â˜ºï¸,pt,[pt:0.9999956261905132]
131,at://did:plc:mghkhnnbfnstf4nh2y4wszdd/app.bsky.feed.post/3l3jybzmpx42g,"Obvio q sabemos, o atletico nunca chegou no tamanho do cruzeiro, imagina do flamengo (hoje acho o flamengo maior q o cruzeiro). Voces tomaram umas porrada no anos 2000, mas nao passou disso. 81 Ã© argumwnto pra zoar eles, amo o gabigol pelo inferno q fez na cabeÃ§a deles.",pt,[pt:0.9999989655677928]
132,at://did:plc:i7jseygdwfnixy6olflvj2tl/app.bsky.feed.post/3l3jybzjkbb2v,"SNSã‚¢ã‚«ã‚¦ãƒ³ãƒˆä½¿ã„åˆ†ã‘

è¶£å‘³â†’X
è¡£æœâ†’WEAR
é£Ÿäº‹â†’Instagram",ja,"[ja:0.857141401531665, et:0.1428557926910191]"
133,at://did:plc:llxxlfyguyuvj35ivcz6mkck/app.bsky.feed.post/3l3jybzu24x2d,desenha amg!,pt,[pt:0.9999953222526649]
134,at://did:plc:l77q4apemu2e4yd3hoaon6c3/app.bsky.feed.post/3l3jyc22dp72f,ela mal sabe que uma simples fenda nos abala da cabeÃ§a aos pÃ©s,pt,[pt:0.9999958677197702]
135,at://did:plc:wswf6i4iuldpzra56a6okjvm/app.bsky.feed.post/3l3jybz3ehj2m,"ã€ğŸ†•æ–°ç€æƒ…å ±ğŸ†•ã€‘

ã‚²ãƒ¼ãƒ éŸ³æ¥½
å°‘å¥³ãŒè¦‹ãŸæ—¥æœ¬ã®åŸé¢¨æ™¯ï¼ˆæ±æ–¹é¢¨ç¥éŒ²ï¼‰ãƒ”ã‚¢ãƒMIDIã€€åˆç´šãƒ»ç°¡å˜
300å††

https://booth.pm/ja/items/6077736
ã‚„ã¿ãƒã€‚

#booth_pm #æ±æ–¹ãƒ‡ã‚¸ã‚¿ãƒ«éŸ³æ¥½
#æ±æ–¹Project #æ±æ–¹æ¥½æ›² #æ±æ–¹ã‚¢ãƒ¬ãƒ³ã‚¸",ja,"[ja:0.8571430084770224, ko:0.14285689328341486]"
136,at://did:plc:5navddhmspuzmcd6lvfhtawy/app.bsky.feed.post/3l3jybzxlaf2h,Pleno 2024 e gente putinha pq mulher ta cantando no linkin park,pt,[pt:0.999996096925126]
137,at://did:plc:rvixussxz6m74plywyyu3on3/app.bsky.feed.post/3l3jyc23naz2p,ai vei eu chorei pq eu amo muito minha gata,pt,[pt:0.9999958422101103]
138,at://did:plc:37j3qm3tyivh524optispxjm/app.bsky.feed.post/3l3jyc2c4fj2v,qual,ca,[ca:0.999995242190783]
139,at://did:plc:fpb3jvx5ngdypgg2aw7jbu7r/app.bsky.feed.post/3l3jyc2gbcn2s,ãƒ€ãƒ¡ã â€¦â€¦æ­£è§£ãŒã‚ã‹ã‚‰ã‚“â€¦â€¦,ja,[ja:0.9999999999587901]
140,at://did:plc:ysqjmrbdrmjqt664qwfk3v3g/app.bsky.feed.post/3l3jyc2k2bl2k,"Really thrilled this resonated with you! Great piece, and excited to see what you're reading / watching, and what it means for you.",en,[en:0.9999968307118171]
141,at://did:plc:774w3jn42a4m7qts2rujmrmh/app.bsky.feed.post/3l3jyc2p2eu2n,æœˆè¦‹ã€‚#mcdonalds x.com/taka0815/sta...,ca,"[sv:0.7142827692634435, ca:0.28571239732604803]"
142,at://did:plc:hmliav3fpniaaio7nynkfggg/app.bsky.feed.post/3l3jyc36ykf2n,vamos beber por vocÃª amor,sk,"[sk:0.5714247548590856, pt:0.2857155809579426, af:0.14285728703473216]"
143,at://did:plc:dp4k3xrnlurh6zrhf4mux3xh/app.bsky.feed.post/3l3jyc3cwbu27,"BAD DUZEE
NO.
BAD",de,[de:0.9999949668660437]
144,at://did:plc:xqdiksitrp6todof4fe4yz4s/app.bsky.feed.post/3l3jyc3mlsw2p,pqp,sq,[sq:0.9999918991996041]
145,at://did:plc:ltzzi6f2b5sfjptdbm5ikhqo/app.bsky.feed.post/3l3jyc3suns27,"ğŸ“¸ Unknown
ğŸ”— https://redd.it/z99511
",en,[en:0.9999957390129081]
146,at://did:plc:5zputlohjfgskf6igt5x7qau/app.bsky.feed.post/3l3jyc42ow52r,"ë‚œ ì§„ì§œ ì´í•´í• ìˆ˜ì—†ëŠ”ê²Œ ìš°ë¦¬ì§‘ì—ì„œ ê°€ì¥ ê°€ê¹Œìš´ ì§€í•˜ì² ì—­ê¹Œì§€ ê°€ëŠ” ë§ˆì„ë²„ìŠ¤ê°€ ì„¸ëŒ€ê±°ë“ ?? ê·¼ë° ê·¸ ì„¸ëŒ€ê°€ ë‚´ ëˆˆì•ì—ì„œ ì™€ë¥´ë¥´ ì§€ë‚˜ê°

ì €ê¸°ìš”

ë°°ì°¨ì‹œê°„ì´ìš”",ko,[ko:0.9999987238842691]
147,at://did:plc:mp7x2zqaze5dt722l6wlbl7g/app.bsky.feed.post/3l3jyc4365u2i,â€œFree atÃ© meia noiteâ€ eu saindo de casa meia noite em ponto serasi da tempo,pt,[pt:0.9999959853492429]
148,at://did:plc:gwnqpe45cxovdh2g7ffvndbs/app.bsky.feed.post/3l3jyc3r3q32u,KOIN webcams 2024-09-06 21:00:20,en,[en:0.9999955943893586]
149,at://did:plc:ygpdhvl7f7wskd57miuwttmg/app.bsky.feed.post/3l3jyc4k4fn23,Making patients aware of treatment options and suggesting a treatment option are not the same thing,en,[en:0.9999967447556757]
150,at://did:plc:ypibj2qwjgloxvtucyzozolc/app.bsky.feed.post/3l3jyc4rmek2s,"que saudade de assistir o Alan jogando, acho que vou maratonar algum jogo",pt,[pt:0.9999953474828277]
151,at://did:plc:umv2twpaz7pfp6r4vycp3dp2/app.bsky.feed.post/3l3jyc4oa5f22,madrugada de sÃ¡bado. assisti um filme com meu ator de conforto. sinto um vazio descomunal. chorei sem fazer um barulho se quer. saudades dos vingadores. queria um doce caseiro.,pt,"[pt:0.8571397538136242, it:0.14285682063924282]"
152,at://did:plc:doib6ambluj4po5vp43v5oh5/app.bsky.feed.post/3l3jyc5a4md2u,a vei vo chora,sk,[sk:0.9999948628266312]
153,at://did:plc:owfcb6fxrgwqotjai5ecypde/app.bsky.feed.post/3l3jyc5eyix25,Lis has a way to show off the patrons that her business is worth investing in ğŸ˜,en,[en:0.9999975737046607]
154,at://did:plc:kgjqtjjpjardpxoulv27vl6g/app.bsky.feed.post/3l3jyc5h63n23,Yw^^,cy,[cy:0.999998523107972]
155,at://did:plc:drd7zcwlghn37a5amwnxo4z5/app.bsky.feed.post/3l3jyc5dylu27,"ğ“Ÿğ“»ğ“¸ğ“¬ğ“¾ğ“»ğ“¸ ğ“¶ğ“¸ğ“¸ğ“½ğ“¼ ğ“ºğ“¾ğ“® ğ“°ğ“¸ğ“¼ğ“½ğ“®ğ“¶ ğ“­ğ“®

âœ®á´Ê€á´ 
âœ®á´á´á´Ê€Éª
âœ®á´›á´¡Éªêœ±á´›á´‡á´… á´¡á´É´á´…á´‡Ê€ÊŸá´€É´á´… 
âœ®á´ á´á´„á´€ÊŸá´Éªá´… 
âœ®á´ÉªÉ´á´‡á´„Ê€á´€êœ°á´› 
âœ®Ê€á´Ê™ÊŸá´x
âœ®á´êœ±Éª 
âœ®á´€Ê€á´›á´‡
âœ®á´‡ÊŸá´‡á´ á´€á´›á´Ê€ ÊœÉªá´›á´„Êœ 
âœ®Êœá´Ê€á´€ á´…á´‡ á´€á´ á´‡É´á´›á´œÊ€á´€ 
âœ®êœ±á´›á´‡á´ á´‡É´ á´œÉ´Éªá´ á´‡Ê€êœ±á´
âœ®á´á´œÊ€á´…á´‡Ê€ á´…Ê€á´É´á´‡êœ±
(N precisa gostar de todos hehe)

#sdv #SDV",ERROR,ERROR
157,at://did:plc:g33iou5tul4x4bq3rv2eexep/app.bsky.feed.post/3l3jyc5s52d2n,"Entendi entendi, ele Ã© fofinho e parece muito gostoso mesmo, pensei que era daqueles de usar dentro e sair na rua kakssjsk",pt,[pt:0.9999979866790842]
158,at://did:plc:caj2bt3fgj63kdytvs3lxsxk/app.bsky.feed.post/3l3jyc5supe2c,"Tava demorando pra um homem n me mandad ""nossa como tu eh pequena, achei q fosse alta, q fofa"" 

E eu tenho mt vontade de responder ""kkkkkk sÃ³ nÃ£o sou tÃ£o pequena quanto sua rolakkkkkkkk""",pt,[pt:0.9999973091413366]
159,at://did:plc:3thx23vruotburpnoja7xv6p/app.bsky.feed.post/3l3jyc5th2a2n,sou esquisitağŸ«¦ğŸ«¦,fr,[fr:0.9999970987286786]
160,at://did:plc:3oqgrczytri2ostgrb57mhxp/app.bsky.feed.post/3l3jyc6patq26,Isabela ass tweet,en,[en:0.9999947077182649]
161,at://did:plc:c2idtaki66xgnme46wzhdhr2/app.bsky.feed.post/3l3jyc733qu2e,eu vi esse hoje amiga achei um luxo e tudo feito c mto carinho,pt,[pt:0.9999949747104668]
162,at://did:plc:7tte7du6w2qrbbo47rzmyn5k/app.bsky.feed.post/3l3jyc7bbbk2u,"Because I'm a King that's why, you know it! You sexy boy ğŸ˜",en,[en:0.999998270621487]
163,at://did:plc:ejorbxfxtv3pbhajdo3i6we6/app.bsky.feed.post/3l3jyc7kvr32k,acho que preto Ã© a minha cor,pt,[pt:0.9999965471898173]
164,at://did:plc:pbzombp2zskoundvlg6ghuf5/app.bsky.feed.post/3l3jyc7q2yt22,precisava da secundÃ¡ria pra usar de diÃ¡rio ğŸ™ğŸ»,pt,[pt:0.9999951338351943]
165,at://did:plc:jcf6hwamluekmjfaeoub7y7r/app.bsky.feed.post/3l3jyc7rmzl22,"o primeiro story q eles gravarem deles na casa deles, eu jÃ¡ aviso q Ã© bem capaz de eu n irei sobreviver",pt,[pt:0.9999947517139524]
166,at://did:plc:4iivtfpv3oxhtfavuwk4wpjr/app.bsky.feed.post/3l3jyc7uuhz2v,um aviso de gatilho,pt,[pt:0.9999964523625455]
167,at://did:plc:a4n65ctaoc6qhhtpkhmqkljs/app.bsky.feed.post/3l3jyc7xphx2a,ãƒã‚±ãƒƒãƒˆå–ã‚Œãªã‹ã£ãŸğŸ˜¡ğŸ˜¡ğŸ˜¡,ja,[ja:0.9999999999822878]
168,at://did:plc:aajyn6qzw67cnmwf7zxzbjdy/app.bsky.feed.post/3l3jycaj73s22,ã‚¢ã‚¦ãƒˆã‚½ãƒ¼ã‚·ãƒ³ã‚°ã—ã¦ã‚‹æ©Ÿèƒ½ãŒãƒœãƒ©ãƒ³ãƒ†ã‚£ã‚¢ãªã®ã‚ˆã­â™©,ja,[ja:0.9999997782407714]
169,at://did:plc:2ehoyddzebh27344fp276vr5/app.bsky.feed.post/3l3jycap4gb24,a imprensa do rio tÃ¡ espumando nÃ© que o depay vira para o corinthians kkkkkkkkkkkkk,pt,[pt:0.9999968414476467]
170,at://did:plc:i23rpkop5omx6rxhzytzjw5o/app.bsky.feed.post/3l3jycb7ufe2g,maior frustraÃ§Ã£o da minha vida foi ter fantasiado um futuro inteiro co ele 2 filhos e 1 cachorro desde kick ass pra dps ver ele com uma mÃºmia tutancÃ¢mon de nao sei quantos anos antes de cristo so o pÃ³ da rabiola e conseguindo piorar com ele sendo menor de idade oh nojeira,pt,[pt:0.9999967982091378]
171,at://did:plc:ctoi63wia6clgvbwgb6myse5/app.bsky.feed.post/3l3jyca6hjr2c,estou lutando com meus pensamentos intrusivos,pt,[pt:0.9999953407217247]
172,at://did:plc:kwkt4df2ndaicz5ljyf7papk/app.bsky.feed.post/3l3jycck4x72v,espero q morra engasgado,es,[es:0.9999943333044117]
173,at://did:plc:n2sxr5kfa4taxiodozvwequ5/app.bsky.feed.post/3l3jycbnkps27,,ERROR,ERROR
175,at://did:plc:2m5f6yveokuqrdwhq4yxsxhi/app.bsky.feed.post/3l3jyccy4cl2u,Eu ficaria sÃ³ assistindo ela ser usada por um estranho na rua...,pt,[pt:0.9999963856330716]
176,at://did:plc:ge2a3ohmx4clzjwgqb3kvk6k/app.bsky.feed.post/3l3jyccyxai2b,De 4 jÃ¡ esperando a obra comeÃ§ar hehe,pt,[pt:0.9999961348067739]
177,at://did:plc:qy4weedinkdwur6olpvfv53l/app.bsky.feed.post/3l3jycdctmw23,"I'm totally fine with Cheney convincing like 1% of the voting population to not be the shittiest version of themselves this time around even if it in no way excuses anything he did in the past. Throw him in jail in December, I'll be thrilled.",en,[en:0.9999966538046614]
179,at://did:plc:euad3cgh4ah5derl2pig5crz/app.bsky.feed.post/3l3jycbybk42o,,ERROR,ERROR
180,at://did:plc:a3nkwjajos4ri66sfhkffchj/app.bsky.feed.post/3l3jycc7mta2d,imagina ser ASSIM,tl,[tl:0.9999971366145954]
181,at://did:plc:7ph6q2nzfqdhdcoyztvivjdo/app.bsky.feed.post/3l3jycdmpgm23,forÃ§a guerreira ainda nÃ£o tive essa coragem,pt,[pt:0.9999975082898327]
182,at://did:plc:6m3tb4nwextkmcs5ddv3sj3m/app.bsky.feed.post/3l3jycdmdfp2y,muitos sentimentos pÃ³s jogo,pt,[pt:0.9999935423860568]
183,at://did:plc:hahllzehztixxnjw4ccxvk4v/app.bsky.feed.post/3l3jycdp2lf2i,Amando os edit com machos literÃ¡rios ao som de E.T da Katy Perry,pt,[pt:0.999994618919114]
184,at://did:plc:utioy32vgclwmrnx3n7vbpt3/app.bsky.feed.post/3l3jyce2oyl2k,"I find it oddly sweet that Chucky is some sort of misfit toy. Iâ€™m sure heâ€™ll be murderous soon, but right now heâ€™s kind of endearing. #frightclub",en,[en:0.9999956415116307]
185,at://did:plc:2a3t6rti5krnfmmuwom37sdo/app.bsky.feed.post/3l3jycea6ph2y,Hoje o velhaco dÃ¡ a vida,cs,"[cs:0.7114377901594597, sk:0.14570499033824047, pt:0.14285696543521548]"
186,at://did:plc:ehlqjdxp6kar2gwxycnhix2a/app.bsky.feed.post/3l3jyce55ne2o,queria que meu pai fosse assim,ca,"[ca:0.8568025316719596, pt:0.1431974571896088]"
187,at://did:plc:nzhchvpsopvux2hx555k6qud/app.bsky.feed.post/3l3jyceexw422,"tenho conseguido me abrir mais com minha namorada, falo mais sobre o que sinto, quando tÃ´ mal ou sentindo tristeza do nada/vontade de chorar",pt,[pt:0.9999948429414863]
188,at://did:plc:qb5rqvax7atkkha5hajxgref/app.bsky.feed.post/3l3jycep3wk2o,"revirotto Ã© massa demais, conteudo sensacional sobre platinas",pt,[pt:0.9999964032190634]
189,at://did:plc:3lieybvoimi4hr4dpt4gpybe/app.bsky.feed.post/3l3jycer6zn2r,"My mantra was ""do what you can"". 100 words isn't 3000 but it's 100 more than 0. Baby steps. Be forgiving with yourself, and especially of your limitations. ""What you can"" means it, y'know? You're going to be capable of less for a while, and that's okay.",en,[en:0.9999983056850199]
190,at://did:plc:trcv2e3gviums4wgsgyhkf3h/app.bsky.feed.post/3l3jycetsat24,onde ela cantou?,pt,"[pt:0.7142837171822068, es:0.2857159835533659]"
191,at://did:plc:5ydvaooa6jdato2zaatmku6b/app.bsky.feed.post/3l3jycez7q72t,aqueles caras?,es,"[ca:0.6924269328436089, es:0.30757291636959594]"
192,at://did:plc:pgpy3tvrq4on5z3qh6ccfy2s/app.bsky.feed.post/3l3jycf53m32n,pode relaxar vida,pt,[pt:0.999993627037408]
193,at://did:plc:rrfkzwfknerkzi37pd4jzw5o/app.bsky.feed.post/3l3jycf6vpn2a,receba,ro,[ro:0.9988809928474256]
194,at://did:plc:bab5cl43ba2znlv3scnsabyh/app.bsky.feed.post/3l3jycffj4424,"Mano meu irmÃ£o descobriu a minha conta do tik tok onde eu falava mal dele, eu tÃ´ tremendo socorro",pt,[pt:0.9999960330928964]
195,at://did:plc:dpqdy7rpjttjhnayzpgetijz/app.bsky.feed.post/3l3jycfq2672m,å¼·ã™ããŸã‚ˆã­ï¼Ÿã‚‚ã†ã¡ã‚‡ã£ã¨ä¸Šæ‰‹ãEMPã‚’ä½¿ã‚ãªã„ã¨ã„ã‘ãªã„ã‚“ã‹ã‚‚â€¦ç§ã‚‚å¯¾ç­–å‹‰å¼·ã™ã‚‹ãã‰âœŠ,ja,[ja:0.9999999984287324]
197,at://did:plc:ll7ougjmwiyvo7743w5pbumr/app.bsky.feed.post/3l3jycgdefn2b,Posso chamar de cadeira?,pt,[pt:0.9999949673895575]
198,at://did:plc:duakvlrbzlu26q5ude7xkl2t/app.bsky.feed.post/3l3jycgemoq26,"O tempo para a acusar pertence somente Ã  vÃ­tima! NinguÃ©m tem o direito de cobrar uma aÃ§Ã£o de quem sofre ! VocÃª nÃ£o conhece a dor e a vergonha de quem Ã© violentada. Desculpe, mas seu comentÃ¡rio Ã© abjeto e insensÃ­vel com a dor do prÃ³ximo.",pt,[pt:0.9999972684232511]
199,at://did:plc:2n2t5fcdhrq42mnvfvnnowor/app.bsky.feed.post/3l3jycfhoy32l,they faces killing me why nobody gaf,en,[en:0.9999951429753098]
